group,treatment_value,count,percentage
Control,0,2096937,14.99998712408774
Treatment,1,11882655,85.00001287591226
