outcome,value,count,percentage
conversion,0,13938818,99.70833197420926
conversion,1,40774,0.29166802579073836
visit,0,13322663,95.30079990889577
visit,1,656929,4.699200091104232
exposure,0,13551380,96.93687770000726
exposure,1,428212,3.063122299992732
