Quartile,Control_Rate,Treatment_Rate,Uplift
Q1,0.003085177733065057,0.0060171583029733225,0.0029319805699082654
Q2,0.0002663115845539281,0.0007531183807954813,0.0004868067962415532
Q3,0.0005329070077271516,0.0005177201487268791,-1.5186859000272538e-05
