Segment,Count,Percentage,Mean_Uplift
Persuadables,22515,25.016666666666666,0.8040116512060014
Sure Things,19977,22.19666666666667,0.019967784351968502
Lost Causes,24640,27.37777777777778,0.004759905427145605
Sleeping Dogs,22868,25.408888888888885,-0.11600326470373232
