Feature,Importance
f2,0.000894203421590036
f8,0.0008775855232473279
f9,0.0006432866741693783
f4,0.0005356708694060462
f6,0.00038543545003599214
f0,0.00034129850365230267
f10,0.00023239281923084415
f3,0.00018110473468481656
f7,6.562413233897868e-05
f11,5.536893614002417e-05
f5,3.478884128409094e-05
f1,7.217931323223767e-06
